{
  "timeline_index": 52,
  "planner": {},
  "gallery_last_file": {},
  "timeline_status": {
    "1": 1,
    "2": 1,
    "3": 1,
    "4": 1,
    "5": 0,
    "6": 0,
    "7": 0,
    "8": 0,
    "9": 0,
    "10": 0,
    "11": 1,
    "12": 1,
    "13": 1,
    "14": 0,
    "15": 1,
    "16": 1,
    "17": 1,
    "18": 1,
    "19": 0,
    "20": 0,
    "21": 0,
    "22": 0,
    "23": 0,
    "24": 1,
    "25": 1,
    "26": 1,
    "27": 1,
    "28": 0,
    "29": 1,
    "30": 0,
    "31": 1,
    "32": 1,
    "33": 1,
    "34": 1,
    "35": 1,
    "36": 1,
    "37": 0,
    "38": 1,
    "39": 0,
    "40": 0,
    "41": 0,
    "42": 0,
    "43": 0,
    "44": 0,
    "45": 0,
    "46": 0,
    "47": 0,
    "48": 0,
    "49": 0,
    "50": 0,
    "51": 0,
    "52": 0
  },
  "preview_servers": {},
  "preview_server": {
    "project_dir": "/workspace/shadcn-ui",
    "status": "initializing",
    "config_path": ".mgx/config.yaml",
    "timeline_index": 2
  }
}